sampleID,env_type,proportion,sample_type,sewage_type,facet_group,sample_name
SK-IN-0105,Aerosol (non-saline),0.0049,SK-IN,Inf,SK-1,SK-IN-1
SK-IN-0205,Aerosol (non-saline),0.007,SK-IN,Inf,SK-2,SK-IN-2
ST-IN-0205,Aerosol (non-saline),0.0047,ST-IN,Inf,ST-1,ST-IN-1
ST-IN-0305,Aerosol (non-saline),0.0025,ST-IN,Inf,ST-2,ST-IN-2
STL-IN-0305,Aerosol (non-saline),0.0023,STL-IN,Inf,STL-1,STL-IN-1
SWH-IN-0105,Aerosol (non-saline),0.0095,SWH-IN,Inf,SWH-1,SWH-IN-1
SWH-IN-0205,Aerosol (non-saline),0.0026,SWH-IN,Inf,SWH-2,SWH-IN-2
SWH-IN-0305,Aerosol (non-saline),0.0058,SWH-IN,Inf,SWH-3,SWH-IN-3
TP-IN-0105,Aerosol (non-saline),0.002,TP-IN,Inf,TP-1,TP-IN-1
TP-IN-0305,Aerosol (non-saline),0.0049,TP-IN,Inf,TP-2,TP-IN-2
YL-IN-0105,Aerosol (non-saline),0.0031,YL-IN,Inf,YL-1,YL-IN-1
YL-IN-0205,Aerosol (non-saline),0.0033,YL-IN,Inf,YL-2,YL-IN-2
YL-IN-0305,Aerosol (non-saline),0.004,YL-IN,Inf,YL-3,YL-IN-3
SK-IN-0105,Animal corpus,0.0136,SK-IN,Inf,SK-1,SK-IN-1
SK-IN-0205,Animal corpus,0.0041,SK-IN,Inf,SK-2,SK-IN-2
ST-IN-0205,Animal corpus,0.0024,ST-IN,Inf,ST-1,ST-IN-1
ST-IN-0305,Animal corpus,0.005,ST-IN,Inf,ST-2,ST-IN-2
STL-IN-0305,Animal corpus,0.0099,STL-IN,Inf,STL-1,STL-IN-1
SWH-IN-0105,Animal corpus,0.01,SWH-IN,Inf,SWH-1,SWH-IN-1
SWH-IN-0205,Animal corpus,0.0064,SWH-IN,Inf,SWH-2,SWH-IN-2
SWH-IN-0305,Animal corpus,0.0119,SWH-IN,Inf,SWH-3,SWH-IN-3
TP-IN-0105,Animal corpus,0.0043,TP-IN,Inf,TP-1,TP-IN-1
TP-IN-0305,Animal corpus,0.0033,TP-IN,Inf,TP-2,TP-IN-2
YL-IN-0105,Animal corpus,0.0017,YL-IN,Inf,YL-1,YL-IN-1
YL-IN-0205,Animal corpus,0.0015,YL-IN,Inf,YL-2,YL-IN-2
YL-IN-0305,Animal corpus,0.0029,YL-IN,Inf,YL-3,YL-IN-3
SK-IN-0105,Animal fecal,0.0397,SK-IN,Inf,SK-1,SK-IN-1
SK-IN-0205,Animal fecal,0.0215,SK-IN,Inf,SK-2,SK-IN-2
ST-IN-0205,Animal fecal,0.0113,ST-IN,Inf,ST-1,ST-IN-1
ST-IN-0305,Animal fecal,0.0106,ST-IN,Inf,ST-2,ST-IN-2
STL-IN-0305,Animal fecal,0.0135,STL-IN,Inf,STL-1,STL-IN-1
SWH-IN-0105,Animal fecal,0.0248,SWH-IN,Inf,SWH-1,SWH-IN-1
SWH-IN-0205,Animal fecal,0.0146,SWH-IN,Inf,SWH-2,SWH-IN-2
SWH-IN-0305,Animal fecal,0.017,SWH-IN,Inf,SWH-3,SWH-IN-3
TP-IN-0105,Animal fecal,0.0134,TP-IN,Inf,TP-1,TP-IN-1
TP-IN-0305,Animal fecal,0.0092,TP-IN,Inf,TP-2,TP-IN-2
YL-IN-0105,Animal fecal,0.0066,YL-IN,Inf,YL-1,YL-IN-1
YL-IN-0205,Animal fecal,0.0174,YL-IN,Inf,YL-2,YL-IN-2
YL-IN-0305,Animal fecal,0.0161,YL-IN,Inf,YL-3,YL-IN-3
SK-IN-0105,Human Fecal,0.0092,SK-IN,Inf,SK-1,SK-IN-1
SK-IN-0205,Human Fecal,0.0203,SK-IN,Inf,SK-2,SK-IN-2
ST-IN-0205,Human Fecal,0.0138,ST-IN,Inf,ST-1,ST-IN-1
ST-IN-0305,Human Fecal,0.0131,ST-IN,Inf,ST-2,ST-IN-2
STL-IN-0305,Human Fecal,0.0077,STL-IN,Inf,STL-1,STL-IN-1
SWH-IN-0105,Human Fecal,0.0191,SWH-IN,Inf,SWH-1,SWH-IN-1
SWH-IN-0205,Human Fecal,0.0175,SWH-IN,Inf,SWH-2,SWH-IN-2
SWH-IN-0305,Human Fecal,0.0197,SWH-IN,Inf,SWH-3,SWH-IN-3
TP-IN-0105,Human Fecal,0.0069,TP-IN,Inf,TP-1,TP-IN-1
TP-IN-0305,Human Fecal,0.0148,TP-IN,Inf,TP-2,TP-IN-2
YL-IN-0105,Human Fecal,0.0089,YL-IN,Inf,YL-1,YL-IN-1
YL-IN-0205,Human Fecal,0.025,YL-IN,Inf,YL-2,YL-IN-2
YL-IN-0305,Human Fecal,0.0111,YL-IN,Inf,YL-3,YL-IN-3
SK-IN-0105,Hypersaline (saline),0,SK-IN,Inf,SK-1,SK-IN-1
SK-IN-0205,Hypersaline (saline),0,SK-IN,Inf,SK-2,SK-IN-2
ST-IN-0205,Hypersaline (saline),0,ST-IN,Inf,ST-1,ST-IN-1
ST-IN-0305,Hypersaline (saline),1.00E-04,ST-IN,Inf,ST-2,ST-IN-2
STL-IN-0305,Hypersaline (saline),0,STL-IN,Inf,STL-1,STL-IN-1
SWH-IN-0105,Hypersaline (saline),1.00E-04,SWH-IN,Inf,SWH-1,SWH-IN-1
SWH-IN-0205,Hypersaline (saline),0,SWH-IN,Inf,SWH-2,SWH-IN-2
SWH-IN-0305,Hypersaline (saline),0,SWH-IN,Inf,SWH-3,SWH-IN-3
TP-IN-0105,Hypersaline (saline),0,TP-IN,Inf,TP-1,TP-IN-1
TP-IN-0305,Hypersaline (saline),2.00E-04,TP-IN,Inf,TP-2,TP-IN-2
YL-IN-0105,Hypersaline (saline),2.00E-04,YL-IN,Inf,YL-1,YL-IN-1
YL-IN-0205,Hypersaline (saline),0,YL-IN,Inf,YL-2,YL-IN-2
YL-IN-0305,Hypersaline (saline),0,YL-IN,Inf,YL-3,YL-IN-3
SK-IN-0105,Plant corpus,0.0117,SK-IN,Inf,SK-1,SK-IN-1
SK-IN-0205,Plant corpus,0.0059,SK-IN,Inf,SK-2,SK-IN-2
ST-IN-0205,Plant corpus,0.0015,ST-IN,Inf,ST-1,ST-IN-1
ST-IN-0305,Plant corpus,0.0036,ST-IN,Inf,ST-2,ST-IN-2
STL-IN-0305,Plant corpus,0.0081,STL-IN,Inf,STL-1,STL-IN-1
SWH-IN-0105,Plant corpus,0.0101,SWH-IN,Inf,SWH-1,SWH-IN-1
SWH-IN-0205,Plant corpus,0.005,SWH-IN,Inf,SWH-2,SWH-IN-2
SWH-IN-0305,Plant corpus,0.0086,SWH-IN,Inf,SWH-3,SWH-IN-3
TP-IN-0105,Plant corpus,0.0015,TP-IN,Inf,TP-1,TP-IN-1
TP-IN-0305,Plant corpus,0.0027,TP-IN,Inf,TP-2,TP-IN-2
YL-IN-0105,Plant corpus,0.0015,YL-IN,Inf,YL-1,YL-IN-1
YL-IN-0205,Plant corpus,0.0019,YL-IN,Inf,YL-2,YL-IN-2
YL-IN-0305,Plant corpus,0.0026,YL-IN,Inf,YL-3,YL-IN-3
SK-IN-0105,Plant rhizosphere,0.0019,SK-IN,Inf,SK-1,SK-IN-1
SK-IN-0205,Plant rhizosphere,0.001,SK-IN,Inf,SK-2,SK-IN-2
ST-IN-0205,Plant rhizosphere,8.00E-04,ST-IN,Inf,ST-1,ST-IN-1
ST-IN-0305,Plant rhizosphere,4.00E-04,ST-IN,Inf,ST-2,ST-IN-2
STL-IN-0305,Plant rhizosphere,0.004,STL-IN,Inf,STL-1,STL-IN-1
SWH-IN-0105,Plant rhizosphere,2.00E-04,SWH-IN,Inf,SWH-1,SWH-IN-1
SWH-IN-0205,Plant rhizosphere,4.00E-04,SWH-IN,Inf,SWH-2,SWH-IN-2
SWH-IN-0305,Plant rhizosphere,0.0014,SWH-IN,Inf,SWH-3,SWH-IN-3
TP-IN-0105,Plant rhizosphere,0,TP-IN,Inf,TP-1,TP-IN-1
TP-IN-0305,Plant rhizosphere,3.00E-04,TP-IN,Inf,TP-2,TP-IN-2
YL-IN-0105,Plant rhizosphere,2.00E-04,YL-IN,Inf,YL-1,YL-IN-1
YL-IN-0205,Plant rhizosphere,0.0012,YL-IN,Inf,YL-2,YL-IN-2
YL-IN-0305,Plant rhizosphere,0.0022,YL-IN,Inf,YL-3,YL-IN-3
SK-IN-0105,Sediment (non-saline),2.00E-04,SK-IN,Inf,SK-1,SK-IN-1
SK-IN-0205,Sediment (non-saline),3.00E-04,SK-IN,Inf,SK-2,SK-IN-2
ST-IN-0205,Sediment (non-saline),2.00E-04,ST-IN,Inf,ST-1,ST-IN-1
ST-IN-0305,Sediment (non-saline),2.00E-04,ST-IN,Inf,ST-2,ST-IN-2
STL-IN-0305,Sediment (non-saline),9.00E-04,STL-IN,Inf,STL-1,STL-IN-1
SWH-IN-0105,Sediment (non-saline),0,SWH-IN,Inf,SWH-1,SWH-IN-1
SWH-IN-0205,Sediment (non-saline),0,SWH-IN,Inf,SWH-2,SWH-IN-2
SWH-IN-0305,Sediment (non-saline),3.00E-04,SWH-IN,Inf,SWH-3,SWH-IN-3
TP-IN-0105,Sediment (non-saline),1.00E-04,TP-IN,Inf,TP-1,TP-IN-1
TP-IN-0305,Sediment (non-saline),1.00E-04,TP-IN,Inf,TP-2,TP-IN-2
YL-IN-0105,Sediment (non-saline),1.00E-04,YL-IN,Inf,YL-1,YL-IN-1
YL-IN-0205,Sediment (non-saline),0.0011,YL-IN,Inf,YL-2,YL-IN-2
YL-IN-0305,Sediment (non-saline),0.001,YL-IN,Inf,YL-3,YL-IN-3
SK-IN-0105,Sediment (saline),6.00E-04,SK-IN,Inf,SK-1,SK-IN-1
SK-IN-0205,Sediment (saline),1.00E-04,SK-IN,Inf,SK-2,SK-IN-2
ST-IN-0205,Sediment (saline),3.00E-04,ST-IN,Inf,ST-1,ST-IN-1
ST-IN-0305,Sediment (saline),0.001,ST-IN,Inf,ST-2,ST-IN-2
STL-IN-0305,Sediment (saline),1.00E-04,STL-IN,Inf,STL-1,STL-IN-1
SWH-IN-0105,Sediment (saline),0,SWH-IN,Inf,SWH-1,SWH-IN-1
SWH-IN-0205,Sediment (saline),0,SWH-IN,Inf,SWH-2,SWH-IN-2
SWH-IN-0305,Sediment (saline),1.00E-04,SWH-IN,Inf,SWH-3,SWH-IN-3
TP-IN-0105,Sediment (saline),1.00E-04,TP-IN,Inf,TP-1,TP-IN-1
TP-IN-0305,Sediment (saline),6.00E-04,TP-IN,Inf,TP-2,TP-IN-2
YL-IN-0105,Sediment (saline),1.00E-04,YL-IN,Inf,YL-1,YL-IN-1
YL-IN-0205,Sediment (saline),0,YL-IN,Inf,YL-2,YL-IN-2
YL-IN-0305,Sediment (saline),1.00E-04,YL-IN,Inf,YL-3,YL-IN-3
SK-IN-0105,Soil (non-saline),8.00E-04,SK-IN,Inf,SK-1,SK-IN-1
SK-IN-0205,Soil (non-saline),3.00E-04,SK-IN,Inf,SK-2,SK-IN-2
ST-IN-0205,Soil (non-saline),0.001,ST-IN,Inf,ST-1,ST-IN-1
ST-IN-0305,Soil (non-saline),9.00E-04,ST-IN,Inf,ST-2,ST-IN-2
STL-IN-0305,Soil (non-saline),0.0019,STL-IN,Inf,STL-1,STL-IN-1
SWH-IN-0105,Soil (non-saline),4.00E-04,SWH-IN,Inf,SWH-1,SWH-IN-1
SWH-IN-0205,Soil (non-saline),2.00E-04,SWH-IN,Inf,SWH-2,SWH-IN-2
SWH-IN-0305,Soil (non-saline),0.0012,SWH-IN,Inf,SWH-3,SWH-IN-3
TP-IN-0105,Soil (non-saline),6.00E-04,TP-IN,Inf,TP-1,TP-IN-1
TP-IN-0305,Soil (non-saline),3.00E-04,TP-IN,Inf,TP-2,TP-IN-2
YL-IN-0105,Soil (non-saline),3.00E-04,YL-IN,Inf,YL-1,YL-IN-1
YL-IN-0205,Soil (non-saline),4.00E-04,YL-IN,Inf,YL-2,YL-IN-2
YL-IN-0305,Soil (non-saline),7.00E-04,YL-IN,Inf,YL-3,YL-IN-3
SK-IN-0105,Surface (non-saline),0.0043,SK-IN,Inf,SK-1,SK-IN-1
SK-IN-0205,Surface (non-saline),0.0023,SK-IN,Inf,SK-2,SK-IN-2
ST-IN-0205,Surface (non-saline),0.0013,ST-IN,Inf,ST-1,ST-IN-1
ST-IN-0305,Surface (non-saline),0.0019,ST-IN,Inf,ST-2,ST-IN-2
STL-IN-0305,Surface (non-saline),0.0014,STL-IN,Inf,STL-1,STL-IN-1
SWH-IN-0105,Surface (non-saline),0.0011,SWH-IN,Inf,SWH-1,SWH-IN-1
SWH-IN-0205,Surface (non-saline),7.00E-04,SWH-IN,Inf,SWH-2,SWH-IN-2
SWH-IN-0305,Surface (non-saline),0.0012,SWH-IN,Inf,SWH-3,SWH-IN-3
TP-IN-0105,Surface (non-saline),5.00E-04,TP-IN,Inf,TP-1,TP-IN-1
TP-IN-0305,Surface (non-saline),6.00E-04,TP-IN,Inf,TP-2,TP-IN-2
YL-IN-0105,Surface (non-saline),0.001,YL-IN,Inf,YL-1,YL-IN-1
YL-IN-0205,Surface (non-saline),9.00E-04,YL-IN,Inf,YL-2,YL-IN-2
YL-IN-0305,Surface (non-saline),0.0023,YL-IN,Inf,YL-3,YL-IN-3
SK-IN-0105,Surface (saline),0.0066,SK-IN,Inf,SK-1,SK-IN-1
SK-IN-0205,Surface (saline),0.0054,SK-IN,Inf,SK-2,SK-IN-2
ST-IN-0205,Surface (saline),0.0014,ST-IN,Inf,ST-1,ST-IN-1
ST-IN-0305,Surface (saline),0.0025,ST-IN,Inf,ST-2,ST-IN-2
STL-IN-0305,Surface (saline),0.0054,STL-IN,Inf,STL-1,STL-IN-1
SWH-IN-0105,Surface (saline),0.0026,SWH-IN,Inf,SWH-1,SWH-IN-1
SWH-IN-0205,Surface (saline),0.0047,SWH-IN,Inf,SWH-2,SWH-IN-2
SWH-IN-0305,Surface (saline),0.0025,SWH-IN,Inf,SWH-3,SWH-IN-3
TP-IN-0105,Surface (saline),0.0046,TP-IN,Inf,TP-1,TP-IN-1
TP-IN-0305,Surface (saline),0.0052,TP-IN,Inf,TP-2,TP-IN-2
YL-IN-0105,Surface (saline),0.0012,YL-IN,Inf,YL-1,YL-IN-1
YL-IN-0205,Surface (saline),0.0022,YL-IN,Inf,YL-2,YL-IN-2
YL-IN-0305,Surface (saline),0.0042,YL-IN,Inf,YL-3,YL-IN-3
SK-IN-0105,Water (non-saline),0.0092,SK-IN,Inf,SK-1,SK-IN-1
SK-IN-0205,Water (non-saline),0.0078,SK-IN,Inf,SK-2,SK-IN-2
ST-IN-0205,Water (non-saline),0.002,ST-IN,Inf,ST-1,ST-IN-1
ST-IN-0305,Water (non-saline),0.003,ST-IN,Inf,ST-2,ST-IN-2
STL-IN-0305,Water (non-saline),0.0092,STL-IN,Inf,STL-1,STL-IN-1
SWH-IN-0105,Water (non-saline),0.0025,SWH-IN,Inf,SWH-1,SWH-IN-1
SWH-IN-0205,Water (non-saline),0.0043,SWH-IN,Inf,SWH-2,SWH-IN-2
SWH-IN-0305,Water (non-saline),0.0039,SWH-IN,Inf,SWH-3,SWH-IN-3
TP-IN-0105,Water (non-saline),0.0027,TP-IN,Inf,TP-1,TP-IN-1
TP-IN-0305,Water (non-saline),0.0023,TP-IN,Inf,TP-2,TP-IN-2
YL-IN-0105,Water (non-saline),0.0018,YL-IN,Inf,YL-1,YL-IN-1
YL-IN-0205,Water (non-saline),0.0024,YL-IN,Inf,YL-2,YL-IN-2
YL-IN-0305,Water (non-saline),0.0037,YL-IN,Inf,YL-3,YL-IN-3
SK-IN-0105,Water (saline),0.001,SK-IN,Inf,SK-1,SK-IN-1
SK-IN-0205,Water (saline),3.00E-04,SK-IN,Inf,SK-2,SK-IN-2
ST-IN-0205,Water (saline),2.00E-04,ST-IN,Inf,ST-1,ST-IN-1
ST-IN-0305,Water (saline),9.00E-04,ST-IN,Inf,ST-2,ST-IN-2
STL-IN-0305,Water (saline),2.00E-04,STL-IN,Inf,STL-1,STL-IN-1
SWH-IN-0105,Water (saline),0,SWH-IN,Inf,SWH-1,SWH-IN-1
SWH-IN-0205,Water (saline),4.00E-04,SWH-IN,Inf,SWH-2,SWH-IN-2
SWH-IN-0305,Water (saline),5.00E-04,SWH-IN,Inf,SWH-3,SWH-IN-3
TP-IN-0105,Water (saline),6.00E-04,TP-IN,Inf,TP-1,TP-IN-1
TP-IN-0305,Water (saline),6.00E-04,TP-IN,Inf,TP-2,TP-IN-2
YL-IN-0105,Water (saline),3.00E-04,YL-IN,Inf,YL-1,YL-IN-1
YL-IN-0205,Water (saline),6.00E-04,YL-IN,Inf,YL-2,YL-IN-2
YL-IN-0305,Water (saline),0.001,YL-IN,Inf,YL-3,YL-IN-3
SK-IN-0105,WWTPs,0.5767,SK-IN,Inf,SK-1,SK-IN-1
SK-IN-0205,WWTPs,0.4851,SK-IN,Inf,SK-2,SK-IN-2
ST-IN-0205,WWTPs,0.5345,ST-IN,Inf,ST-1,ST-IN-1
ST-IN-0305,WWTPs,0.5592,ST-IN,Inf,ST-2,ST-IN-2
STL-IN-0305,WWTPs,0.6712,STL-IN,Inf,STL-1,STL-IN-1
SWH-IN-0105,WWTPs,0.461,SWH-IN,Inf,SWH-1,SWH-IN-1
SWH-IN-0205,WWTPs,0.4484,SWH-IN,Inf,SWH-2,SWH-IN-2
SWH-IN-0305,WWTPs,0.4941,SWH-IN,Inf,SWH-3,SWH-IN-3
TP-IN-0105,WWTPs,0.165,TP-IN,Inf,TP-1,TP-IN-1
TP-IN-0305,WWTPs,0.3398,TP-IN,Inf,TP-2,TP-IN-2
YL-IN-0105,WWTPs,0.3165,YL-IN,Inf,YL-1,YL-IN-1
YL-IN-0205,WWTPs,0.6003,YL-IN,Inf,YL-2,YL-IN-2
YL-IN-0305,WWTPs,0.5032,YL-IN,Inf,YL-3,YL-IN-3
SK-IN-0105,Unknown,0.3196,SK-IN,Inf,SK-1,SK-IN-1
SK-IN-0205,Unknown,0.4386,SK-IN,Inf,SK-2,SK-IN-2
ST-IN-0205,Unknown,0.4246,ST-IN,Inf,ST-1,ST-IN-1
ST-IN-0305,Unknown,0.3951,ST-IN,Inf,ST-2,ST-IN-2
STL-IN-0305,Unknown,0.2642,STL-IN,Inf,STL-1,STL-IN-1
SWH-IN-0105,Unknown,0.4586,SWH-IN,Inf,SWH-1,SWH-IN-1
SWH-IN-0205,Unknown,0.4948,SWH-IN,Inf,SWH-2,SWH-IN-2
SWH-IN-0305,Unknown,0.4318,SWH-IN,Inf,SWH-3,SWH-IN-3
TP-IN-0105,Unknown,0.7977,TP-IN,Inf,TP-1,TP-IN-1
TP-IN-0305,Unknown,0.6151,TP-IN,Inf,TP-2,TP-IN-2
YL-IN-0105,Unknown,0.6565,YL-IN,Inf,YL-1,YL-IN-1
YL-IN-0205,Unknown,0.3418,YL-IN,Inf,YL-2,YL-IN-2
YL-IN-0305,Unknown,0.4449,YL-IN,Inf,YL-3,YL-IN-3
SK-EFF-0105,Aerosol (non-saline),0.002,SK-EFF,Eff,SK-1,SK-EFF-1
SK-EFF-0205,Aerosol (non-saline),8.00E-04,SK-EFF,Eff,SK-2,SK-EFF-2
ST-EFF-0205,Aerosol (non-saline),0.002,ST-EFF,Eff,ST-1,ST-EFF-1
ST-EFF-0305,Aerosol (non-saline),6.00E-04,ST-EFF,Eff,ST-2,ST-EFF-2
STL-EFF-0305,Aerosol (non-saline),0.0036,STL-EFF,Eff,STL-1,STL-EFF-1
SWH-EFF-0105,Aerosol (non-saline),0.0314,SWH-EFF,Eff,SWH-1,SWH-EFF-1
SWH-EFF-0205,Aerosol (non-saline),7.00E-04,SWH-EFF,Eff,SWH-2,SWH-EFF-2
SWH-EFF-0305,Aerosol (non-saline),0.0019,SWH-EFF,Eff,SWH-3,SWH-EFF-3
TP-EFF-0105,Aerosol (non-saline),0.0012,TP-EFF,Eff,TP-1,TP-EFF-1
TP-EFF-0305,Aerosol (non-saline),7.00E-04,TP-EFF,Eff,TP-2,TP-EFF-2
YL-EFF-0105,Aerosol (non-saline),0.003,YL-EFF,Eff,YL-1,YL-EFF-1
YL-EFF-0205,Aerosol (non-saline),0.0013,YL-EFF,Eff,YL-2,YL-EFF-2
YL-EFF-0305,Aerosol (non-saline),0.0028,YL-EFF,Eff,YL-3,YL-EFF-3
SK-EFF-0105,Animal corpus,0.0012,SK-EFF,Eff,SK-1,SK-EFF-1
SK-EFF-0205,Animal corpus,1.00E-04,SK-EFF,Eff,SK-2,SK-EFF-2
ST-EFF-0205,Animal corpus,0,ST-EFF,Eff,ST-1,ST-EFF-1
ST-EFF-0305,Animal corpus,1.00E-04,ST-EFF,Eff,ST-2,ST-EFF-2
STL-EFF-0305,Animal corpus,0.0063,STL-EFF,Eff,STL-1,STL-EFF-1
SWH-EFF-0105,Animal corpus,0.0016,SWH-EFF,Eff,SWH-1,SWH-EFF-1
SWH-EFF-0205,Animal corpus,8.00E-04,SWH-EFF,Eff,SWH-2,SWH-EFF-2
SWH-EFF-0305,Animal corpus,0.0031,SWH-EFF,Eff,SWH-3,SWH-EFF-3
TP-EFF-0105,Animal corpus,3.00E-04,TP-EFF,Eff,TP-1,TP-EFF-1
TP-EFF-0305,Animal corpus,1.00E-04,TP-EFF,Eff,TP-2,TP-EFF-2
YL-EFF-0105,Animal corpus,1.00E-04,YL-EFF,Eff,YL-1,YL-EFF-1
YL-EFF-0205,Animal corpus,3.00E-04,YL-EFF,Eff,YL-2,YL-EFF-2
YL-EFF-0305,Animal corpus,0.0048,YL-EFF,Eff,YL-3,YL-EFF-3
SK-EFF-0105,Animal fecal,0.0047,SK-EFF,Eff,SK-1,SK-EFF-1
SK-EFF-0205,Animal fecal,0.0017,SK-EFF,Eff,SK-2,SK-EFF-2
ST-EFF-0205,Animal fecal,0.0024,ST-EFF,Eff,ST-1,ST-EFF-1
ST-EFF-0305,Animal fecal,0.0011,ST-EFF,Eff,ST-2,ST-EFF-2
STL-EFF-0305,Animal fecal,0.0056,STL-EFF,Eff,STL-1,STL-EFF-1
SWH-EFF-0105,Animal fecal,0.0042,SWH-EFF,Eff,SWH-1,SWH-EFF-1
SWH-EFF-0205,Animal fecal,0.0077,SWH-EFF,Eff,SWH-2,SWH-EFF-2
SWH-EFF-0305,Animal fecal,0.004,SWH-EFF,Eff,SWH-3,SWH-EFF-3
TP-EFF-0105,Animal fecal,0.005,TP-EFF,Eff,TP-1,TP-EFF-1
TP-EFF-0305,Animal fecal,2.00E-04,TP-EFF,Eff,TP-2,TP-EFF-2
YL-EFF-0105,Animal fecal,9.00E-04,YL-EFF,Eff,YL-1,YL-EFF-1
YL-EFF-0205,Animal fecal,0.003,YL-EFF,Eff,YL-2,YL-EFF-2
YL-EFF-0305,Animal fecal,0.0121,YL-EFF,Eff,YL-3,YL-EFF-3
SK-EFF-0105,Human Fecal,0.0042,SK-EFF,Eff,SK-1,SK-EFF-1
SK-EFF-0205,Human Fecal,0,SK-EFF,Eff,SK-2,SK-EFF-2
ST-EFF-0205,Human Fecal,6.00E-04,ST-EFF,Eff,ST-1,ST-EFF-1
ST-EFF-0305,Human Fecal,6.00E-04,ST-EFF,Eff,ST-2,ST-EFF-2
STL-EFF-0305,Human Fecal,0.0027,STL-EFF,Eff,STL-1,STL-EFF-1
SWH-EFF-0105,Human Fecal,0.001,SWH-EFF,Eff,SWH-1,SWH-EFF-1
SWH-EFF-0205,Human Fecal,0.0038,SWH-EFF,Eff,SWH-2,SWH-EFF-2
SWH-EFF-0305,Human Fecal,0.0011,SWH-EFF,Eff,SWH-3,SWH-EFF-3
TP-EFF-0105,Human Fecal,0,TP-EFF,Eff,TP-1,TP-EFF-1
TP-EFF-0305,Human Fecal,1.00E-04,TP-EFF,Eff,TP-2,TP-EFF-2
YL-EFF-0105,Human Fecal,0.001,YL-EFF,Eff,YL-1,YL-EFF-1
YL-EFF-0205,Human Fecal,3.00E-04,YL-EFF,Eff,YL-2,YL-EFF-2
YL-EFF-0305,Human Fecal,0.0057,YL-EFF,Eff,YL-3,YL-EFF-3
SK-EFF-0105,Hypersaline (saline),0,SK-EFF,Eff,SK-1,SK-EFF-1
SK-EFF-0205,Hypersaline (saline),1.00E-04,SK-EFF,Eff,SK-2,SK-EFF-2
ST-EFF-0205,Hypersaline (saline),0,ST-EFF,Eff,ST-1,ST-EFF-1
ST-EFF-0305,Hypersaline (saline),0,ST-EFF,Eff,ST-2,ST-EFF-2
STL-EFF-0305,Hypersaline (saline),1.00E-04,STL-EFF,Eff,STL-1,STL-EFF-1
SWH-EFF-0105,Hypersaline (saline),0,SWH-EFF,Eff,SWH-1,SWH-EFF-1
SWH-EFF-0205,Hypersaline (saline),0,SWH-EFF,Eff,SWH-2,SWH-EFF-2
SWH-EFF-0305,Hypersaline (saline),0,SWH-EFF,Eff,SWH-3,SWH-EFF-3
TP-EFF-0105,Hypersaline (saline),0,TP-EFF,Eff,TP-1,TP-EFF-1
TP-EFF-0305,Hypersaline (saline),0.001,TP-EFF,Eff,TP-2,TP-EFF-2
YL-EFF-0105,Hypersaline (saline),1.00E-04,YL-EFF,Eff,YL-1,YL-EFF-1
YL-EFF-0205,Hypersaline (saline),1.00E-04,YL-EFF,Eff,YL-2,YL-EFF-2
YL-EFF-0305,Hypersaline (saline),0,YL-EFF,Eff,YL-3,YL-EFF-3
SK-EFF-0105,Plant corpus,0.0012,SK-EFF,Eff,SK-1,SK-EFF-1
SK-EFF-0205,Plant corpus,7.00E-04,SK-EFF,Eff,SK-2,SK-EFF-2
ST-EFF-0205,Plant corpus,8.00E-04,ST-EFF,Eff,ST-1,ST-EFF-1
ST-EFF-0305,Plant corpus,0.0014,ST-EFF,Eff,ST-2,ST-EFF-2
STL-EFF-0305,Plant corpus,0.0062,STL-EFF,Eff,STL-1,STL-EFF-1
SWH-EFF-0105,Plant corpus,0.0014,SWH-EFF,Eff,SWH-1,SWH-EFF-1
SWH-EFF-0205,Plant corpus,9.00E-04,SWH-EFF,Eff,SWH-2,SWH-EFF-2
SWH-EFF-0305,Plant corpus,0.002,SWH-EFF,Eff,SWH-3,SWH-EFF-3
TP-EFF-0105,Plant corpus,9.00E-04,TP-EFF,Eff,TP-1,TP-EFF-1
TP-EFF-0305,Plant corpus,8.00E-04,TP-EFF,Eff,TP-2,TP-EFF-2
YL-EFF-0105,Plant corpus,5.00E-04,YL-EFF,Eff,YL-1,YL-EFF-1
YL-EFF-0205,Plant corpus,0.0019,YL-EFF,Eff,YL-2,YL-EFF-2
YL-EFF-0305,Plant corpus,0.0038,YL-EFF,Eff,YL-3,YL-EFF-3
SK-EFF-0105,Plant rhizosphere,0.002,SK-EFF,Eff,SK-1,SK-EFF-1
SK-EFF-0205,Plant rhizosphere,0.001,SK-EFF,Eff,SK-2,SK-EFF-2
ST-EFF-0205,Plant rhizosphere,0.0029,ST-EFF,Eff,ST-1,ST-EFF-1
ST-EFF-0305,Plant rhizosphere,0.0012,ST-EFF,Eff,ST-2,ST-EFF-2
STL-EFF-0305,Plant rhizosphere,0.0072,STL-EFF,Eff,STL-1,STL-EFF-1
SWH-EFF-0105,Plant rhizosphere,0.0053,SWH-EFF,Eff,SWH-1,SWH-EFF-1
SWH-EFF-0205,Plant rhizosphere,0.0022,SWH-EFF,Eff,SWH-2,SWH-EFF-2
SWH-EFF-0305,Plant rhizosphere,0.0015,SWH-EFF,Eff,SWH-3,SWH-EFF-3
TP-EFF-0105,Plant rhizosphere,0.0013,TP-EFF,Eff,TP-1,TP-EFF-1
TP-EFF-0305,Plant rhizosphere,9.00E-04,TP-EFF,Eff,TP-2,TP-EFF-2
YL-EFF-0105,Plant rhizosphere,0.003,YL-EFF,Eff,YL-1,YL-EFF-1
YL-EFF-0205,Plant rhizosphere,0.0018,YL-EFF,Eff,YL-2,YL-EFF-2
YL-EFF-0305,Plant rhizosphere,0.0016,YL-EFF,Eff,YL-3,YL-EFF-3
SK-EFF-0105,Sediment (non-saline),0.0021,SK-EFF,Eff,SK-1,SK-EFF-1
SK-EFF-0205,Sediment (non-saline),0.0021,SK-EFF,Eff,SK-2,SK-EFF-2
ST-EFF-0205,Sediment (non-saline),8.00E-04,ST-EFF,Eff,ST-1,ST-EFF-1
ST-EFF-0305,Sediment (non-saline),9.00E-04,ST-EFF,Eff,ST-2,ST-EFF-2
STL-EFF-0305,Sediment (non-saline),0.0053,STL-EFF,Eff,STL-1,STL-EFF-1
SWH-EFF-0105,Sediment (non-saline),0.0012,SWH-EFF,Eff,SWH-1,SWH-EFF-1
SWH-EFF-0205,Sediment (non-saline),0.0031,SWH-EFF,Eff,SWH-2,SWH-EFF-2
SWH-EFF-0305,Sediment (non-saline),0.001,SWH-EFF,Eff,SWH-3,SWH-EFF-3
TP-EFF-0105,Sediment (non-saline),0.0016,TP-EFF,Eff,TP-1,TP-EFF-1
TP-EFF-0305,Sediment (non-saline),0.0011,TP-EFF,Eff,TP-2,TP-EFF-2
YL-EFF-0105,Sediment (non-saline),0.0033,YL-EFF,Eff,YL-1,YL-EFF-1
YL-EFF-0205,Sediment (non-saline),0.0031,YL-EFF,Eff,YL-2,YL-EFF-2
YL-EFF-0305,Sediment (non-saline),0.0024,YL-EFF,Eff,YL-3,YL-EFF-3
SK-EFF-0105,Sediment (saline),3.00E-04,SK-EFF,Eff,SK-1,SK-EFF-1
SK-EFF-0205,Sediment (saline),4.00E-04,SK-EFF,Eff,SK-2,SK-EFF-2
ST-EFF-0205,Sediment (saline),8.00E-04,ST-EFF,Eff,ST-1,ST-EFF-1
ST-EFF-0305,Sediment (saline),6.00E-04,ST-EFF,Eff,ST-2,ST-EFF-2
STL-EFF-0305,Sediment (saline),3.00E-04,STL-EFF,Eff,STL-1,STL-EFF-1
SWH-EFF-0105,Sediment (saline),7.00E-04,SWH-EFF,Eff,SWH-1,SWH-EFF-1
SWH-EFF-0205,Sediment (saline),2.00E-04,SWH-EFF,Eff,SWH-2,SWH-EFF-2
SWH-EFF-0305,Sediment (saline),2.00E-04,SWH-EFF,Eff,SWH-3,SWH-EFF-3
TP-EFF-0105,Sediment (saline),0.0026,TP-EFF,Eff,TP-1,TP-EFF-1
TP-EFF-0305,Sediment (saline),0.0029,TP-EFF,Eff,TP-2,TP-EFF-2
YL-EFF-0105,Sediment (saline),5.00E-04,YL-EFF,Eff,YL-1,YL-EFF-1
YL-EFF-0205,Sediment (saline),8.00E-04,YL-EFF,Eff,YL-2,YL-EFF-2
YL-EFF-0305,Sediment (saline),2.00E-04,YL-EFF,Eff,YL-3,YL-EFF-3
SK-EFF-0105,Soil (non-saline),0.0014,SK-EFF,Eff,SK-1,SK-EFF-1
SK-EFF-0205,Soil (non-saline),0.0016,SK-EFF,Eff,SK-2,SK-EFF-2
ST-EFF-0205,Soil (non-saline),0.001,ST-EFF,Eff,ST-1,ST-EFF-1
ST-EFF-0305,Soil (non-saline),0.0015,ST-EFF,Eff,ST-2,ST-EFF-2
STL-EFF-0305,Soil (non-saline),0.0044,STL-EFF,Eff,STL-1,STL-EFF-1
SWH-EFF-0105,Soil (non-saline),0.002,SWH-EFF,Eff,SWH-1,SWH-EFF-1
SWH-EFF-0205,Soil (non-saline),0.0019,SWH-EFF,Eff,SWH-2,SWH-EFF-2
SWH-EFF-0305,Soil (non-saline),0.0021,SWH-EFF,Eff,SWH-3,SWH-EFF-3
TP-EFF-0105,Soil (non-saline),0.0015,TP-EFF,Eff,TP-1,TP-EFF-1
TP-EFF-0305,Soil (non-saline),7.00E-04,TP-EFF,Eff,TP-2,TP-EFF-2
YL-EFF-0105,Soil (non-saline),0.0021,YL-EFF,Eff,YL-1,YL-EFF-1
YL-EFF-0205,Soil (non-saline),7.00E-04,YL-EFF,Eff,YL-2,YL-EFF-2
YL-EFF-0305,Soil (non-saline),0.001,YL-EFF,Eff,YL-3,YL-EFF-3
SK-EFF-0105,Surface (non-saline),0.0021,SK-EFF,Eff,SK-1,SK-EFF-1
SK-EFF-0205,Surface (non-saline),0.0011,SK-EFF,Eff,SK-2,SK-EFF-2
ST-EFF-0205,Surface (non-saline),0.0015,ST-EFF,Eff,ST-1,ST-EFF-1
ST-EFF-0305,Surface (non-saline),0.0015,ST-EFF,Eff,ST-2,ST-EFF-2
STL-EFF-0305,Surface (non-saline),0.0058,STL-EFF,Eff,STL-1,STL-EFF-1
SWH-EFF-0105,Surface (non-saline),0.0041,SWH-EFF,Eff,SWH-1,SWH-EFF-1
SWH-EFF-0205,Surface (non-saline),0.0025,SWH-EFF,Eff,SWH-2,SWH-EFF-2
SWH-EFF-0305,Surface (non-saline),0.0019,SWH-EFF,Eff,SWH-3,SWH-EFF-3
TP-EFF-0105,Surface (non-saline),0.0019,TP-EFF,Eff,TP-1,TP-EFF-1
TP-EFF-0305,Surface (non-saline),0.0014,TP-EFF,Eff,TP-2,TP-EFF-2
YL-EFF-0105,Surface (non-saline),0.0019,YL-EFF,Eff,YL-1,YL-EFF-1
YL-EFF-0205,Surface (non-saline),0.0012,YL-EFF,Eff,YL-2,YL-EFF-2
YL-EFF-0305,Surface (non-saline),4.00E-04,YL-EFF,Eff,YL-3,YL-EFF-3
SK-EFF-0105,Surface (saline),0.0053,SK-EFF,Eff,SK-1,SK-EFF-1
SK-EFF-0205,Surface (saline),0.0026,SK-EFF,Eff,SK-2,SK-EFF-2
ST-EFF-0205,Surface (saline),0.0027,ST-EFF,Eff,ST-1,ST-EFF-1
ST-EFF-0305,Surface (saline),6.00E-04,ST-EFF,Eff,ST-2,ST-EFF-2
STL-EFF-0305,Surface (saline),0.0028,STL-EFF,Eff,STL-1,STL-EFF-1
SWH-EFF-0105,Surface (saline),0.0047,SWH-EFF,Eff,SWH-1,SWH-EFF-1
SWH-EFF-0205,Surface (saline),0.008,SWH-EFF,Eff,SWH-2,SWH-EFF-2
SWH-EFF-0305,Surface (saline),0.0047,SWH-EFF,Eff,SWH-3,SWH-EFF-3
TP-EFF-0105,Surface (saline),0.0036,TP-EFF,Eff,TP-1,TP-EFF-1
TP-EFF-0305,Surface (saline),0.0016,TP-EFF,Eff,TP-2,TP-EFF-2
YL-EFF-0105,Surface (saline),0.0016,YL-EFF,Eff,YL-1,YL-EFF-1
YL-EFF-0205,Surface (saline),0.0027,YL-EFF,Eff,YL-2,YL-EFF-2
YL-EFF-0305,Surface (saline),0.0042,YL-EFF,Eff,YL-3,YL-EFF-3
SK-EFF-0105,Water (non-saline),0.0065,SK-EFF,Eff,SK-1,SK-EFF-1
SK-EFF-0205,Water (non-saline),0.0042,SK-EFF,Eff,SK-2,SK-EFF-2
ST-EFF-0205,Water (non-saline),0.004,ST-EFF,Eff,ST-1,ST-EFF-1
ST-EFF-0305,Water (non-saline),0.0023,ST-EFF,Eff,ST-2,ST-EFF-2
STL-EFF-0305,Water (non-saline),0.0081,STL-EFF,Eff,STL-1,STL-EFF-1
SWH-EFF-0105,Water (non-saline),0.0097,SWH-EFF,Eff,SWH-1,SWH-EFF-1
SWH-EFF-0205,Water (non-saline),0.0071,SWH-EFF,Eff,SWH-2,SWH-EFF-2
SWH-EFF-0305,Water (non-saline),0.0065,SWH-EFF,Eff,SWH-3,SWH-EFF-3
TP-EFF-0105,Water (non-saline),0.0047,TP-EFF,Eff,TP-1,TP-EFF-1
TP-EFF-0305,Water (non-saline),0.003,TP-EFF,Eff,TP-2,TP-EFF-2
YL-EFF-0105,Water (non-saline),0.0051,YL-EFF,Eff,YL-1,YL-EFF-1
YL-EFF-0205,Water (non-saline),0.0043,YL-EFF,Eff,YL-2,YL-EFF-2
YL-EFF-0305,Water (non-saline),0.0051,YL-EFF,Eff,YL-3,YL-EFF-3
SK-EFF-0105,Water (saline),0.001,SK-EFF,Eff,SK-1,SK-EFF-1
SK-EFF-0205,Water (saline),4.00E-04,SK-EFF,Eff,SK-2,SK-EFF-2
ST-EFF-0205,Water (saline),6.00E-04,ST-EFF,Eff,ST-1,ST-EFF-1
ST-EFF-0305,Water (saline),3.00E-04,ST-EFF,Eff,ST-2,ST-EFF-2
STL-EFF-0305,Water (saline),0,STL-EFF,Eff,STL-1,STL-EFF-1
SWH-EFF-0105,Water (saline),0.001,SWH-EFF,Eff,SWH-1,SWH-EFF-1
SWH-EFF-0205,Water (saline),8.00E-04,SWH-EFF,Eff,SWH-2,SWH-EFF-2
SWH-EFF-0305,Water (saline),2.00E-04,SWH-EFF,Eff,SWH-3,SWH-EFF-3
TP-EFF-0105,Water (saline),0.0021,TP-EFF,Eff,TP-1,TP-EFF-1
TP-EFF-0305,Water (saline),0.0018,TP-EFF,Eff,TP-2,TP-EFF-2
YL-EFF-0105,Water (saline),7.00E-04,YL-EFF,Eff,YL-1,YL-EFF-1
YL-EFF-0205,Water (saline),0.0011,YL-EFF,Eff,YL-2,YL-EFF-2
YL-EFF-0305,Water (saline),7.00E-04,YL-EFF,Eff,YL-3,YL-EFF-3
SK-EFF-0105,WWTPs,0.6452,SK-EFF,Eff,SK-1,SK-EFF-1
SK-EFF-0205,WWTPs,0.5293,SK-EFF,Eff,SK-2,SK-EFF-2
ST-EFF-0205,WWTPs,0.6957,ST-EFF,Eff,ST-1,ST-EFF-1
ST-EFF-0305,WWTPs,0.5678,ST-EFF,Eff,ST-2,ST-EFF-2
STL-EFF-0305,WWTPs,0.7428,STL-EFF,Eff,STL-1,STL-EFF-1
SWH-EFF-0105,WWTPs,0.5301,SWH-EFF,Eff,SWH-1,SWH-EFF-1
SWH-EFF-0205,WWTPs,0.7929,SWH-EFF,Eff,SWH-2,SWH-EFF-2
SWH-EFF-0305,WWTPs,0.6269,SWH-EFF,Eff,SWH-3,SWH-EFF-3
TP-EFF-0105,WWTPs,0.7386,TP-EFF,Eff,TP-1,TP-EFF-1
TP-EFF-0305,WWTPs,0.703,TP-EFF,Eff,TP-2,TP-EFF-2
YL-EFF-0105,WWTPs,0.8397,YL-EFF,Eff,YL-1,YL-EFF-1
YL-EFF-0205,WWTPs,0.921,YL-EFF,Eff,YL-2,YL-EFF-2
YL-EFF-0305,WWTPs,0.5932,YL-EFF,Eff,YL-3,YL-EFF-3
SK-EFF-0105,Unknown,0.3208,SK-EFF,Eff,SK-1,SK-EFF-1
SK-EFF-0205,Unknown,0.4539,SK-EFF,Eff,SK-2,SK-EFF-2
ST-EFF-0205,Unknown,0.2842,ST-EFF,Eff,ST-1,ST-EFF-1
ST-EFF-0305,Unknown,0.4195,ST-EFF,Eff,ST-2,ST-EFF-2
STL-EFF-0305,Unknown,0.1988,STL-EFF,Eff,STL-1,STL-EFF-1
SWH-EFF-0105,Unknown,0.4016,SWH-EFF,Eff,SWH-1,SWH-EFF-1
SWH-EFF-0205,Unknown,0.1674,SWH-EFF,Eff,SWH-2,SWH-EFF-2
SWH-EFF-0305,Unknown,0.3429,SWH-EFF,Eff,SWH-3,SWH-EFF-3
TP-EFF-0105,Unknown,0.2347,TP-EFF,Eff,TP-1,TP-EFF-1
TP-EFF-0305,Unknown,0.2807,TP-EFF,Eff,TP-2,TP-EFF-2
YL-EFF-0105,Unknown,0.1365,YL-EFF,Eff,YL-1,YL-EFF-1
YL-EFF-0205,Unknown,0.0564,YL-EFF,Eff,YL-2,YL-EFF-2
YL-EFF-0305,Unknown,0.362,YL-EFF,Eff,YL-3,YL-EFF-3
